734d6322b2316f7af2bb4191433493865dd56eff3d21e7017b902185f4a40578	assets/index-1cYgJEXT.js
31d0bc4652284d50d81f585da04ecb5735f337cfdf24cae6dcb2598fd8602a50	assets/index-n1nu-weV.css
ef16bd9f2ce7d80992a3de386ebc49f5e62d3b34e11e551645f37d6c6a244b21	assets/instrument-console-ef16bd9f2ce7.webp
51b57592432d4b6192a6bdfd6e2b7e868e2102a2405ee5f02f5eac2d358633a7	assets/social-card-51b57592432d.webp
8fa1fbfd54beb25fc379b693917dac0be76f9d37fc537c348f7eb1b4e811c198	favicon.svg
0a00ce094083502040be87c49da156d5bf52eb16ff97d1a4716ed3e96dfdb3e5	icons/apple-touch-icon.png
8590f37c78a50d3542fd40b27211887b176916535b0c2c7957a52d3ae4b6b005	icons/icon-192.png
3eba9cb57ed6f2d2c10dc1dd88c8109d5e6cb95c2aff9627a58380605e4d6cd5	icons/icon-512.png
71b7ea23121a0b8755c3e9e91855f14ec187d68c5a5089521b14a2f5cc9912f1	index.html
2edf710e17c21172ce8d0f10934bc08c20bc3062e60652e47cbfcda74c8b5035	manifest.webmanifest
40e782af56ad7639cc7ffd29abc5aeee705a801e0af8b23cb1876ec5a0cc2f0e	offline.css
b27c513a17983d549c67145770da9811e2729f0e4f1904761a513187cd3ce9ed	offline.html
9cfda3f53fc0dda4e95a1009e44771cb8b2c21a75bcbae632b7fe73fbbaba7eb	robots.txt
0732684430223024bb98cbe063ced9ce43cf61022e6d6097620a4e9dfe00c59e	sitemap.xml
679522e3c8dc90aa4e11974df3087311ecde999d798aec55984fdb62ac0bde27	sw.js
